Ano,Pa√≠s,Gini,TGSa,TIPCGa,TGSb,TIPCGb,Desemprego,Gastos,Pontos,IH10,IL10,pobreza,expobreza,ensbas,ensmed,gastos_pa_primaria,gastos_total,gastos_pa_secundaria,gastos_secundaria,iso2c.1,enssup
2000,Argentina,51.1,43.8641163667409,17.0405501659085,10.814229,3.664102,15,15.74535,418.250700218666,1.8,29.7,1,0.8,NA,NA,14.97726,5.46223020553589,20.6226,39.5394,AR,NA
2001,Argentina,53.3,43.8253146297782,17.977455246801,10.74028,3.674295,17.3199996948242,16.89971,NA,1.8,30.3,1,1,54.7239685058594,NA,15.2222,5.54548978805542,21.59171,40.93612,AR,NA
2002,Argentina,53.8,37.4458707258889,13.0419175281154,9.917029,2.815507,19.5900001525879,15.21159,NA,NA,NA,NA,NA,54.6394691467285,NA,15.64309,5.77611017227173,22.87436,41.33272,AR,NA
2003,Argentina,51.2,34.2513520243592,16.0315549269462,10.884848,3.968937,15.3599996566772,12.85688,NA,1.8,29.9,1.1,0.9,54.382568359375,NA,14.38654,5.36144018173218,21.31954,41.47732,AR,NA
2004,Argentina,48.6,37.1669201630616,18.8897776425385,12.487714,4.856533,13.5220003128052,12.94152,NA,1.8,29.4,1,1,54.9823989868164,NA,14.38084,5.43661022186279,21.62494,41.52728,AR,NA
2005,Argentina,48,37.2332226487939,19.8298881184074,12.514664,5.013047,11.5059995651245,16.11186,NA,1.7,29.7,1.1,1.1,53.3169593811035,NA,14.56387,5.34582996368408,20.75691,40.43839,AR,NA
2006,Argentina,46.7,35.8916892994696,18.6619929052431,12.769034,4.855908,10.0769996643066,16.7607,382.0738615176563,1.7,31,1.1,1.1,52.2123908996582,NA,14.20816,5.29062986373901,20.64525,40.47189,AR,NA
2007,Argentina,46.6,33.9285658927465,14.2354844249788,13.271193,4.930508,8.47000026702881,17.83472,NA,1.3,32,2.5,2.8,51.2602386474609,NA,13.68048,5.01971006393433,19.26875,39.64997,AR,NA
2008,Argentina,45.3,31.6769745703794,13.0827459285192,13.343357,4.75991,7.83699989318848,19.1992,NA,1.3,31.4,2.7,3,50.3038787841797,NA,14.80287,5.53105020523071,22.23454,40.77314,AR,NA
2009,Argentina,44.1,29.4587083664878,11.3574525723476,13.880472,4.558493,8.64500045776367,22.23454,395.72250949723394,1.3,32.5,3,3.3,49.582878112793,NA,13.70256,4.84440994262695,19.1992,39.19364,AR,NA
2010,Argentina,44.5,28.603677016809,11.5611927566893,13.778734,4.719621,7.71400022506714,19.26875,NA,1.3,33.8,3.1,3.3,NA,NA,12.6881,4.46260023117065,17.83472,39.24554,AR,NA
2011,Argentina,42.7,29.6538870401866,13.0207437952904,13.911837,5.053549,7.17999982833862,20.64525,NA,1.2,33.8,3.7,3.9,47.064811706543,NA,11.53286,4.12821006774902,16.7607,40.02116,AR,NA
2012,Argentina,41.4,29.5741968351551,13.1251461222574,14.560084,5.311314,7.21700000762939,20.75691,396.68094588592334,1.2,35,4.3,4.8,NA,NA,10.53523,3.86000990867615,16.11186,41.68709,AR,NA
2013,Argentina,41,29.1654831374073,13.4674417329858,15.224487,5.545733,7.09999990463257,21.62494,NA,1.1,35.3,5.4,6.4,NA,NA,10.00318,3.48652005195618,12.94152,37.79909,AR,NA
2014,Argentina,41.7,27.5945343597424,13.8493099484698,14.988525,5.892197,7.26800012588501,21.31954,NA,1,37.8,7.2,8.4,56.3756790161133,42.1566314697266,10.47639,3.53504991531372,12.85688,37.2599,AR,42.1566314697266
2015,Argentina,NA,28.0000349566416,15.157971390293,15.151146,6.457902,7.75,22.87436,422.18756508039297,0.9,40.5,13.8,16.9,NA,NA,10.75649,4.01734018325806,15.21159,39.24177,AR,NA
2016,Argentina,42,27.2416115086503,12.3798741053662,14.797487,5.310146,7.97700023651123,21.59171,NA,0.7,39.5,9.5,10.7,45.8916893005371,34.2933502197266,13.80064,4.833740234375,16.89971,36.62538,AR,34.2933502197266
2017,Argentina,41.2,30.2522655088489,12.9299128513563,15.261621,5.258498,8.34700012207031,20.6226,NA,0.9,37.7,6.4,6.8,NA,NA,12.2987,4.58030986785889,15.74535,35.70325,AR,NA
2000,Brazil,NA,39.8031528662972,25.1495141611779,14.523126,5.726736,9.89500045776367,NA,396.029083741416,1,42,3.7,4.4,59.1219291687012,46.1742515563965,NA,6.32254981994629,NA,NA,BR,46.1742515563965
2001,Brazil,58.4,40.5206635749473,25.2642058642312,15.155855,6.015155,9.60999965667725,NA,NA,1.1,42.1,3.3,3.9,58.2031097412109,45.1083183288574,NA,6.314040184021,NA,NA,BR,45.1083183288574
2002,Brazil,58.1,40.6483488952233,28.3970827151448,15.533197,6.317538,9.37100028991699,10.14512,NA,1.2,40.9,2.8,3.2,57.5709915161133,43.7763481140137,20.05496,6.24105978012085,21.52655,41.3708,BR,43.7763481140137
2003,Brazil,57.6,41.853394050213,27.6432995013213,15.173449,6.28654,9.99100017547607,NA,379.4060376184775,1.2,41.2,2.4,2.7,56.3307189941406,42.5613784790039,19.45078,5.94848012924194,20.56801,43.09467,BR,42.5613784790039
2004,Brazil,56.5,43.0944696265489,26.4556653594464,15.882766,6.1465630000000004,9.10499954223633,11.44409,NA,1.2,41.8,2.8,3.1,55.8442993164063,41.8536682128906,19.66313,5.8388500213623,20.57305,44.99812,BR,41.8536682128906
2005,Brazil,56.3,41.5229183816926,28.3634370955445,15.935027,6.886203,9.56799983978271,13.00607,NA,1.1,42.6,3.4,3.7,54.6340217590332,40.6111907958984,19.54553,5.85510015487671,19.66737,44.11814,BR,40.6111907958984
2006,Brazil,55.6,31.7236310773704,24.8520432886448,16.769254,6.86428,8.63899993896484,NA,384.2439097603537,1.1,41.7,4.1,4.7,53.5981712341309,39.3609809875488,20.12935,5.73741006851196,21.8504,45.11796,BR,39.3609809875488
2007,Brazil,54.9,31.9223472691743,26.0294977676979,16.459846,7.186403,8.32699966430664,17.62629,NA,NA,NA,NA,NA,50.6151885986328,35.922679901123,20.5004,5.64879989624023,20.97786,44.66491,BR,35.922679901123
2008,Brazil,54,27.1343850472272,26.6374823597166,15.997574,7.708969,7.34299993515015,19.06857,NA,1,42.2,4.8,5.4,50.0992317199707,37.1068801879883,19.65354,5.46355009078979,20.00857,44.60847,BR,37.1068801879883
2009,Brazil,53.7,28.4138976778402,28.0040385387696,15.151667,7.25789,8.52200031280518,20.00857,400.991009289121,1,42.5,5,5.5,49.5485992431641,35.4544715881348,18.13079,5.26883983612061,19.06857,44.56404,BR,35.4544715881348
2010,Brazil,NA,23.1457772528706,22.9312166527622,14.610001,6.654309,7.73600006103516,20.97786,NA,1,43.2,6.1,6.7,47.6079216003418,33.7455711364746,16.92151,4.97425985336304,17.62629,43.65552,BR,33.7455711364746
2011,Brazil,52.9,23.0458196030827,24.64483555089,14.520663,7.174126,6.91699981689453,21.8504,NA,1,44.1,6.3,7.2,45.4563293457031,32.4210815429688,NA,4.87060022354126,NA,43.78798,BR,32.4210815429688
2012,Brazil,53.5,22.5939170134241,21.1685914800248,14.441321,6.725655,7.18599987030029,19.66737,398.88726868564737,1,44.6,7.5,8.6,NA,NA,15.19637,4.47908020019531,13.00607,38.78848,BR,NA
2013,Brazil,52.8,22.4055119820619,21.958795835411,14.171209,6.766124,6.97599983215332,20.57305,NA,0.9,44.5,8.4,9.7,42.4081993103027,29.4160003662109,12.68983,3.97447991371155,11.44409,39.36346,BR,29.4160003662109
2014,Brazil,52.1,21.9624199430924,22.2918068284596,13.647481,6.610906,6.66099977493286,20.56801,NA,0.8,45.4,9.5,11,NA,NA,NA,NA,NA,NA,BR,NA
2015,Brazil,51.9,20.6096191626274,20.7688374843238,13.634968,6.690405,8.42700004577637,21.52655,395.0334062517477,0.9,46.1,8.9,10.2,NA,NA,9.7990100000000009,3.75037002563477,10.14512,40.36336,BR,NA
2016,Brazil,53.3,19.0190248377562,22.1950298757405,13.266669,7.234103,11.6000003814697,NA,NA,0.8,46.1,9.8,11.5,NA,NA,10.36094,3.84468007087708,NA,40.08059,BR,NA
2017,Brazil,53.3,20.7227827743927,24.9622611349703,13.783982,7.000617,12.8219995498657,NA,NA,NA,NA,NA,NA,NA,NA,10.5463,3.94893002510071,NA,38.44232,BR,NA
2000,Chile,52.8,47.0856273189047,21.7772279427093,9.820125,4.177272,10.4910001754761,14.26927,409.556781981894,3.1,25.5,0,0,NA,NA,NA,5.13018989562988,NA,NA,CH,NA
2001,Chile,NA,46.8909979442344,20.7575274190107,9.814542,4.487064,10.3900003433228,NA,NA,3,25.8,0,0,96.8901824951172,84.5369110107422,24.78876,5.10473012924194,NA,NA,CH,84.5369110107422
2002,Chile,NA,49.1502533739714,22.6277842745463,9.961016,4.48702,10.1680002212524,15.09564,NA,3.2,25.2,0,0,97.0939331054688,85.1900100708008,24.56797,5.10057020187378,24.45516,35.57103,CH,85.1900100708008
2003,Chile,51.5,49.0440456893262,23.4695284840378,9.918935,4.330844,9.76500034332275,15.48508,NA,3.2,25.5,0,0,97.0206527709961,84.6438522338867,26.41578,5.05122995376587,26.39044,37.61926,CH,84.6438522338867
2004,Chile,NA,45.2574715814558,26.7504864681207,9.601617,4.342484,10.1619997024536,13.50403,NA,3.3,25.5,0,0,NA,NA,26.87479,5.04048013687134,26.41812,38.8077,CH,NA
2005,Chile,NA,41.2713532736394,32.8380008890582,9.439163,5.736247,9.34000015258789,12.63158,NA,3.3,25,0,0,96.1167297363281,83.2414627075195,26.95624,5.03337001800537,25.97821,39.12184,CH,83.2414627075195
2006,Chile,47.3,34.3651861821445,40.8653606500174,8.394058,6.599182,9.02400016784668,11.6756,430.5397097764143,3.2,24.6,0,0,95.8639373779297,82.3553924560547,23.32384,4.9698600769043,25.89147,39.83454,CH,82.3553924560547
2007,Chile,NA,34.3420187321847,39.9940523171628,8.911549,7.944957,8.42700004577637,12.64539,NA,3.1,25.4,0,0,95.7916717529297,82.4545669555664,21.89051,4.92605018615723,26.2857,41.26948,CH,82.4545669555664
2008,Chile,NA,39.078122965926,29.1220443993716,9.680428,6.902205,9.28499984741211,15.10256,NA,3.1,25.7,0,0,95.9379425048828,82.7161178588867,21.82949,5.04118013381958,26.9248,41.45361,CH,82.7161178588867
2009,Chile,47,45.8374302760211,28.0864075950764,8.58921,4.698598,11.3129997253418,16.47026,439.29914683323733,3,26.3,0.1,0.1,NA,NA,18.63799,4.86799001693726,28.20173,45.37242,CH,NA
2010,Chile,NA,45.0587564237997,27.2231152172512,8.942447,6.341062,8.42399978637695,15.21726,NA,2.9,26.7,0,0,NA,NA,20.36261,4.68737983703613,22.80694,38.17514,CH,NA
2011,Chile,46,43.9686886929424,27.1741111372227,9.257468,7.375546,7.3439998626709,15.16071,NA,2.9,26,0.1,0,NA,NA,20.99529,4.9615797996521,23.84324,37.50446,CH,NA
2012,Chile,NA,43.2793842607167,30.360631476845,9.499431,7.318453,6.65899991989136,16.45029,436.321480044813,NA,NA,NA,NA,NA,NA,21.91685,5.20410013198853,25.36203,37.66496,CH,NA
2013,Chile,45.8,48.8635338997746,28.6788278134212,NA,NA,6.21400022506714,15.01836,NA,NA,NA,NA,NA,NA,NA,22.70432,5.44573020935059,25.46407,35.66956,CH,NA
2014,Chile,NA,49.2228191586242,28.8902043158093,NA,NA,6.66499996185303,15.10182,NA,NA,NA,NA,NA,NA,NA,22.68793,5.52375984191895,26.6065,36.45894,CH,NA
2015,Chile,44.4,48.5301801779467,29.8299639891895,NA,NA,6.50799989700317,16.63683,442.7327667904663,3.3,24.1,0,0,NA,NA,22.38294,5.31429004669189,26.88653,38.21976,CH,NA
2016,Chile,NA,49.6977727121709,33.8544911076904,10.186911,6.755368,6.73799991607666,18.48666,NA,NA,NA,NA,NA,NA,NA,21.01328,4.95980978012085,25.29121,39.04682,CH,NA
2017,Chile,44.4,50.1323943871787,36.5514783039443,10.226975,6.947032,6.95800018310547,18.68243,NA,3.1,25.9,0.1,0,NA,NA,20.04724,4.78140020370483,24.66126,39.44057,CH,NA
2000,Colombia,58.7,NA,23.227794636061,NA,NA,20.5200004577637,12.89406,NA,2.3,36.3,0.3,0.3,79.604850769043,59.2311515808105,18.38536,5.4194598197937,18.68243,28.47031,CL,59.2311515808105
2001,Colombia,57.2,NA,NA,NA,NA,15.039999961853,NA,NA,NA,NA,NA,NA,NA,NA,18.29521,5.34201002120972,18.48666,29.06897,CL,NA
2002,Colombia,55.8,NA,NA,NA,NA,15.6330003738403,NA,NA,2.2,36.1,0.3,0.3,78.5309906005859,56.9636688232422,15.18748,4.87530994415283,16.63683,29.36544,CL,56.9636688232422
2003,Colombia,53.4,23.9961096310536,20.7139089857303,NA,NA,14.1890001296997,NA,NA,NA,NA,NA,NA,NA,NA,14.18282,4.73094987869263,15.10182,27.97542,CL,NA
2004,Colombia,54.8,NA,NA,NA,NA,13.7170000076294,15.12669,NA,2.1,37.4,0.4,0.4,76.1649398803711,54.0618705749512,15.78767,4.52942991256714,15.01836,29.65169,CL,54.0618705749512
2005,Colombia,53.7,NA,NA,NA,NA,11.8699998855591,14.4607,NA,NA,NA,NA,NA,NA,NA,16.77241,NA,16.45029,NA,CL,NA
2006,Colombia,NA,NA,NA,NA,NA,11.5260000228882,NA,381.108274583261,2.1,37.3,0.8,0.6,72.8394470214844,50.8061408996582,15.01703,4.04518985748291,15.16071,32.46946,CL,50.8061408996582
2007,Colombia,NA,NA,NA,NA,NA,11.2040004730225,9.91732,NA,NA,NA,NA,NA,75.0458374023438,52.8601493835449,14.57257,4.16208982467651,15.21726,32.53252,CL,52.8601493835449
2008,Colombia,55.5,28.734486989823,18.4124771611693,NA,NA,11.2729997634888,14.72197,NA,1.9,38.2,1.3,1.3,NA,NA,16.12883,4.23064994812012,16.47026,35.23236,CL,NA
2009,Colombia,54.4,26.9381315099051,21.0913095515606,NA,NA,12.0659999847412,14.98617,398.5932763452153,NA,NA,NA,NA,74.4059677124023,51.8613586425781,13.9227,3.79242992401123,15.10256,37.86879,CL,51.8613586425781
2010,Colombia,54.7,27.2931720418141,16.981518811459,NA,NA,10.9840002059937,15.0084,NA,NA,NA,NA,NA,75.8403015136719,50.5686492919922,11.21729,3.21378993988037,12.64539,38.36206,CL,50.5686492919922
2011,Colombia,53.5,26.1473323912308,15.7283124634121,NA,NA,10.1110000610352,14.43288,NA,1.9,37.9,1.6,1.5,NA,NA,10.46523,3.02152991294861,11.6756,38.60399,CL,NA
2012,Colombia,52.7,24.4342633844524,19.7304785413073,NA,NA,9.73999977111816,14.67586,392.85658895233905,NA,NA,NA,NA,NA,NA,11.47725,3.26283001899719,12.63158,38.99647,CL,NA
2013,Colombia,52.8,21.9723771221469,16.2032788003762,NA,NA,9.05200004577637,16.23337,NA,NA,NA,NA,NA,76.0035018920898,50.0224189758301,12.19072,3.53838992118835,13.50403,38.00873,CL,50.0224189758301
2014,Colombia,52.7,24.8854207940469,24.2693075959939,NA,NA,8.57199954986572,16.88747,NA,1.4,41.4,4,4,NA,NA,14.58796,3.96345996856689,15.48508,38.38326,CL,NA
2015,Colombia,51.1,25.9516530837993,24.9649238601377,NA,NA,8.29899978637695,15.68956,410.09258514759296,NA,NA,NA,NA,NA,NA,15.34352,4.08121013641357,15.09564,35.30187,CL,NA
2016,Colombia,50.8,24.255825254109,23.6775253702243,NA,NA,8.69200038909912,15.63588,NA,NA,NA,NA,NA,NA,NA,NA,NA,NA,NA,CL,NA
2017,Colombia,49.7,25.5948374189759,23.3441910275351,NA,NA,8.87199974060059,17.26919,NA,1.3,42.6,4.3,4.3,NA,NA,13.85617,3.77583003044128,14.26927,34.26986,CL,NA
2000,Denmark,23.8,39.6676603429162,38.2979931918161,15.82792,28.793336,4.47599983215332,37.21646,496.870966381032,1.4,39,3.9,4,NA,NA,17.84725,4.53551006317139,17.26919,37.24471,CO,NA
2001,Denmark,NA,40.6547748785652,35.1612124797609,15.84346,27.742291,4.16400003433228,33.88395,NA,1.3,40,4.4,4.7,52.0793495178223,47.2685508728027,17.44523,4.47721004486084,15.63588,34.68962,CO,47.2685508728027
2002,Denmark,NA,41.8987777951031,35.0267868658693,16.074485,27.53727,4.27400016784668,34.84693,NA,1.3,40,4.4,4.7,50.3342514038086,45.4046592712402,17.41694,4.47038984298706,15.68956,35.40608,CO,45.4046592712402
2003,Denmark,25.6,41.4773050209728,35.7057060470685,15.92915,27.844442,5.39799976348877,33.90776,503.305527320768,1.2,41.5,4.9,5.2,49.4626617431641,44.59130859375,17.04063,4.62945985794067,16.88747,37.49596,CO,44.59130859375
2004,Denmark,24.9,40.0535956323353,36.5681550893433,16.107446,28.456733,5.2039999961853,34.44315,NA,1.2,41.5,5.4,5.8,48.1389389038086,43.2897491455078,16.59328,4.87855005264282,16.23337,35.11481,CO,43.2897491455078
2005,Denmark,25.2,39.1511089634721,38.7996342018155,16.474721,29.750718,4.82999992370605,34.25592,NA,1.2,41.4,5.8,6.3,46.4073486328125,41.4026298522949,14.86019,4.37038993835449,14.67586,35.70239,CO,41.4026298522949
2006,Denmark,25.9,40.2959354188681,37.2120204949254,16.371015,28.312737,3.8970000743866,33.52992,501.1344138040757,1.2,42.4,6,6.4,45.3533592224121,40.2652816772461,14.75523,4.46608018875122,14.43288,36.25839,CO,40.2652816772461
2007,Denmark,26.2,38.700385822086,41.9558469786583,16.708105,27.903517,3.80100011825562,31.34546,NA,1.1,43.5,7.1,7.9,44.1553382873535,39.1352615356445,15.46718,4.83382987976074,15.0084,34.82016,CO,39.1352615356445
2008,Denmark,25.2,37.1384379772882,41.5351318717382,15.637306,27.197295,3.43400001525879,30.44643,NA,1.1,43,8.1,9.1,42.7785987854004,37.6516304016113,15.48542,4.77651977539063,14.98617,35.01429,CO,37.6516304016113
2009,Denmark,26.7,37.3382703314158,42.0334492853856,15.399726,27.582228,6.00699996948242,31.87939,499.1770945758387,0.9,43.8,9.3,10.6,43.2088317871094,38.061840057373,12.3262,3.9387800693512,14.72197,40.22582,CO,38.061840057373
2010,Denmark,27.2,36.574556396644,41.2599609872876,15.201129,27.507047,7.46400022506714,32.50974,NA,NA,NA,NA,NA,41.9270706176758,36.5191917419434,12.38764,4.08301019668579,9.91732,25.95244,CO,36.5191917419434
2011,Denmark,27.3,36.095444975437,40.3490291748822,15.244627,27.400996,7.57299995422363,29.22918,NA,NA,NA,NA,NA,37.8822288513184,32.2696800231934,NA,3.91671991348267,NA,NA,CO,32.2696800231934
2012,Denmark,27.8,36.1516784958432,41.8668402392079,15.277334,28.16437,7.52600002288818,27.67433,498.21061365236363,1.2,42.8,8.8,9.9,40.987419128418,33.7099494934082,15.40003,4.02098989486694,14.4607,36.12769,CO,33.7099494934082
2013,Denmark,28.5,35.717797663213,43.2387320715007,15.025094,28.770618,6.99700021743774,27.91977,NA,1.2,44.2,9.9,11.1,36.3357810974121,34.9496612548828,15.77199,4.07934999465942,15.12669,35.69687,CO,34.9496612548828
2014,Denmark,28.4,33.2918543472501,48.0495807941254,14.777269,31.623266,6.58900022506714,31.13589,NA,1.1,42.4,10.7,12.2,NA,NA,NA,4.32513999938965,NA,NA,CO,NA
2015,Denmark,28.2,35.9559725829493,45.2838868257167,14.618019,29.153203,6.16800022125244,NA,504.2797009715723,1,44.8,12.4,14.5,NA,NA,NA,4.26812982559204,NA,NA,CO,NA
2016,Denmark,28.2,36.784406269088,44.6699505214019,14.847431,28.540864,6.18100023269653,NA,NA,0.5,45.8,17.6,19.9,NA,NA,12.96792,3.70867991447449,NA,33.02764,CO,NA
2017,Denmark,28.7,35.9476665426648,45.2183251328341,14.747336,28.674118,5.74300003051758,NA,NA,0.1,47,16.2,16.8,NA,NA,11.87519,3.5112099647522,12.89406,33.0706,CO,NA
2000,Finland,27.2,33.2739605260791,25.296414242277,13.571283,19.749274,11.1339998245239,23.22704,546.469144556151,NA,NA,NA,NA,NA,NA,NA,4.90511989593506,NA,NA,DE,NA
2001,Finland,NA,33.6959053848221,22.1162978227757,13.026573,17.628566,10.289999961853,24.30857,NA,2.9,24.6,0.1,0,96.5136413574219,83.0064163208008,17.44257,4.84021997451782,22.95939,41.25655,DE,83.0064163208008
2002,Finland,NA,34.3040781677697,22.5078826097502,13.358779,17.564148,10.4230003356934,25.32816,NA,3.1,24.8,0,0,96.7161178588867,83.083366394043,17.50845,4.83498001098633,23.00137,41.85471,DE,83.083366394043
2003,Finland,27.7,36.03919065772,20.8165870318942,13.793718,16.399792,10.4689998626709,25.99888,543.8758651796375,NA,NA,NA,NA,96.7991485595703,82.9972076416016,17.6705,4.93962001800537,23.19245,41.96527,DE,82.9972076416016
2004,Finland,27.9,35.6759087291059,20.7681082515256,13.583044,16.112117,10.3579998016357,31.06666,NA,3.3,24.6,0,0,96.6717910766602,82.3082504272461,17.55396,4.96111011505127,23.18698,42.52851,DE,82.3082504272461
2005,Finland,27.6,35.5104961832061,20.5852417302799,13.587449,16.095555,8.38399982452393,30.83827,NA,NA,NA,NA,NA,96.7308578491211,82.04736328125,17.32327,4.95658016204834,23.04534,43.15876,DE,82.04736328125
2006,Finland,28,35.0718531336995,19.8961703408321,13.504698,16.020137,7.7189998626709,30.50341,552.8498369945273,3.5,24.3,0,0,96.713623046875,81.7228622436523,17.05452,4.82487010955811,22.84118,44.55401,DE,81.7228622436523
2007,Finland,28.3,33.9161969554278,20.8284722319835,12.928761,16.27042,6.85400009155273,29.59148,NA,3.4,24,0,0,96.5238418579102,81.1279907226563,17.66182,4.94367980957031,23.88146,45.54756,DE,81.1279907226563
2008,Finland,27.8,33.3360452345117,19.7562000840689,12.689522,16.03626,6.36899995803833,30.83062,NA,3.3,24.1,0,0,96.7073287963867,80.6187515258789,17.1887,4.90951013565063,23.85787,46.2026,DE,80.6187515258789
2009,Finland,27.5,36.1388607614067,15.0618888569831,13.206724,14.641301,8.24899959564209,34.36908,543.4872808266642,3.3,24.8,0.1,0.2,96.7395401000977,80.1641693115234,15.10081,4.43594980239868,21.07791,46.03146,DE,80.1641693115234
2010,Finland,27.7,36.7056559076103,14.5365709209357,13.247996,14.486371,8.39400005340576,34.8965,NA,3.4,25.2,0,0,97.0852127075195,79.1142120361328,15.13138,4.36679983139038,21.09132,47.1186,DE,79.1142120361328
2011,Finland,27.6,37.6121705940473,15.4974757386679,14.112938,14.900264,7.7810001373291,34.70223,NA,3.4,24.9,0,0,96.9334335327148,77.8464736938477,15.60472,4.2939600944519,20.29257,47.11501,DE,77.8464736938477
2012,Finland,27.1,37.8308373982671,14.721853346832,14.398903,14.616128,7.68900012969971,25.94711,529.4046487156834,3.2,25.5,0,0,96.9008636474609,77.6236801147461,NA,NA,NA,NA,DE,77.6236801147461
2013,Finland,27.2,38.4413489360612,14.7312626430748,14.763596,15.145718,8.19299983978271,26.1282,NA,3.4,24.2,0,0,97.7540130615234,78.4840774536133,NA,NA,NA,NA,DE,78.4840774536133
2014,Finland,26.8,38.3325317064527,15.063412905349,14.736658,15.320187,8.66300010681152,26.07076,NA,3.4,24,0.1,0,NA,NA,NA,NA,NA,NA,DE,NA
2015,Finland,27.1,37.8680632440569,15.1765832783908,14.591325,15.443885,9.37600040435791,25.80386,522.7209196357393,3.4,23.7,0,0,NA,NA,NA,NA,NA,NA,DE,NA
2016,Finland,27.1,38.4862446018934,15.3456592606849,14.85209,15.239391,8.81799983978271,24.75238,NA,3.5,24.2,0,0,NA,NA,NA,NA,NA,NA,DE,NA
2017,Finland,27.4,38.5733078919611,15.9581402514903,14.571246,15.366269,8.64000034332275,NA,NA,3.5,23,0,0,NA,NA,NA,NA,NA,NA,DE,NA
2000,France,31.1,25.8733436449843,25.4834178857113,11.676238,10.780069,10.2170000076294,28.40943,504.742388508183,3.7,24,0.1,0.1,NA,NA,NA,7.81608009338379,NA,NA,DK,NA
2001,France,NA,25.0294713867174,25.9675746822298,11.314091,10.878127,8.60999965667725,NA,NA,3.7,23.7,0.2,0.3,92.4495697021484,78.184440612793,NA,NA,NA,NA,DK,78.184440612793
2002,France,NA,25.4200862614775,24.4373831442338,11.380942,10.117974,8.70199966430664,NA,NA,3.7,23.8,0.2,0.2,92.0675811767578,77.749137878418,NA,NA,NA,NA,DK,77.749137878418
2003,France,31.4,25.508284070493,23.9522914914258,11.308762,9.794899,8.30599975585938,29.88208,503.49412919163603,3.4,23.6,0.1,0.2,91.4856109619141,76.8349990844727,25.05246,7.634850025177,31.13589,40.0023,DK,76.8349990844727
2004,France,30.6,25.0424641265866,24.2918668212688,11.405311,9.897849,8.91399955749512,29.29764,NA,3.6,23.7,0.3,0.3,99.5849380493164,76.549072265625,25.37714,8.49442958831787,27.91977,32.41739,DK,76.549072265625
2005,France,29.8,24.5857236903978,24.5603310448603,11.495193,10.103082,8.49300003051758,27.22036,NA,3.7,23.1,0,0,99.6436004638672,76.0023803710938,25.61737,7.23782014846802,27.67433,37.97045,DK,76.0023803710938
2006,France,29.7,24.0991595505561,25.4343127764343,11.419969,10.452188,8.44799995422363,27.19799,492.8214729300857,3.7,22.7,0,0,NA,75.4767608642578,21.68502,8.48486042022705,29.22918,32.10228,DK,75.4767608642578
2007,France,32.4,23.5526741744982,25.43519099845,11.173645,10.14311,7.65700006484985,26.61552,NA,3.7,22.5,0,0.1,NA,74.9399795532227,27.88253,8.55955028533936,32.50974,34.51898,DK,74.9399795532227
2008,France,33,22.8995089186403,25.9223024611476,10.960808,10.20338,7.06300020217896,27.04691,NA,3.5,21.8,0.3,0.5,NA,74.9776077270508,27.95176,8.44888019561768,31.87939,33.69007,DK,74.9776077270508
2009,France,32.7,22.9414976910264,23.1401043277047,10.828884,8.569717,8.73600006103516,28.70418,496.875248571477,3.9,21,0.2,0.1,100,78.7898864746094,24.10346,7.47604990005493,30.44643,35.89463,DK,78.7898864746094
2010,France,33.7,22.1931174860892,23.4229268835084,10.986797,9.522698,8.87100028991699,28.38317,NA,3.9,22.1,0.1,0,NA,76.2814102172852,23.82334,7.61560010910034,31.34546,35.8084,DK,76.2814102172852
2011,France,33.3,22.3547565228697,24.7498397651562,11.239469,10.051388,8.81099987030029,27.17835,NA,4,21.8,0.1,0.1,NA,NA,23.94687,7.72990989685059,33.52992,36.98592,DK,NA
2012,France,33.1,22.090665395204,25.4904499410762,11.368893,10.624598,9.39999961853027,26.82868,499.81235096627125,4,21,0.2,0.3,NA,NA,24.61318,8.08557033538818,34.25592,36.3479,DK,NA
2013,France,32.5,21.8724991630665,25.8634230844851,11.374497,11.062451,9.92099952697754,26.72217,NA,4,20.6,0.3,0.3,100,82.2784805297852,24.20814,8.2076301574707,34.44315,34.92197,DK,82.2784805297852
2014,France,32.3,21.9852796900636,25.4352218692205,11.477645,10.795489,10.2919998168945,26.78417,NA,4,21.4,0.3,0.3,99.7318801879883,84.2631683349609,NA,8.12193012237549,33.90776,34.6082,DK,84.2631683349609
2015,France,32.7,22.2768402781344,25.4882244795251,11.601035,10.608495,10.3590002059937,26.46082,495.73471468943006,NA,NA,NA,NA,NA,NA,23.97886,8.2130298614502,34.84693,34.29368,DK,NA
2016,France,31.9,22.4609862703341,25.2832517565568,11.723123,10.649693,10.0570001602173,26.28009,NA,NA,NA,NA,NA,NA,NA,24.80682,8.21545028686523,33.88395,33.98209,DK,NA
2017,France,31.6,22.6808450825209,25.6661994322907,12.027922,10.908308,9.39700031280518,NA,NA,4.4,20.1,0,0,NA,NA,23.61791,8.08434009552002,37.21646,36.74025,DK,NA
2000,Germany,28.8,21.6069518632712,17.108973373774,10.419565,10.926113,7.91699981689453,NA,483.990823680045,2.1,25.4,0.7,0.7,NA,NA,NA,4.20773983001709,NA,NA,ES,NA
2001,Germany,30.3,22.1382758399037,15.1981449922473,10.287956,10.0784,7.77299976348877,NA,NA,1.8,25.9,1,1.2,75.7975234985352,48.6490592956543,17.11832,4.22764015197754,18.88163,37.31704,ES,48.6490592956543
2002,Germany,29.9,22.3405680600214,14.7635783543957,10.215499,9.616981,8.48200035095215,NA,NA,1.9,26.2,0.9,0.9,74.8149490356445,47.8630485534668,17.27588,4.28657007217407,18.49989,36.80384,ES,47.8630485534668
2003,Germany,30,22.3029692123597,14.4013665287965,10.361158,9.495919,9.7790002822876,NA,497.17176562718896,1.8,26,0.8,0.8,73.7143478393555,47.2372512817383,17.33387,4.30338001251221,18.22419,36.73987,ES,47.2372512817383
2004,Germany,30.4,22.1388216553601,14.4147480576311,10.09068,9.258529,10.7270002365112,NA,NA,1.8,25.9,1,1.2,NA,NA,17.62613,4.35101985931396,18.50276,36.90563,ES,NA
2005,Germany,32.1,22.7891559680203,14.7546637066095,10.058456,9.544735,11.1669998168945,NA,NA,2,25.8,0.9,0.9,69.8730163574219,45.6011505126953,18.2858,4.4693398475647,21.01442,37.3306,ES,45.6011505126953
2006,Germany,31.3,22.7082467206385,15.8588030535352,10.048303,10.467022,10.25,20.29257,504.79480203795,1.9,25.9,1.1,1.1,68.7965087890625,45.265308380127,20.95462,4.8969202041626,25.89151,36.97093,ES,45.265308380127
2007,Germany,31.3,24.0215225476021,16.7360826373753,10.490842,10.88623,8.65799999237061,21.09132,NA,2.1,26,0.7,0.7,67.3895492553711,44.2518196105957,21.0723,4.85608005523682,26.05485,36.97093,ES,44.2518196105957
2008,Germany,31.1,23.8904720986727,17.06067797513,10.463201,11.2739,7.52400016784668,21.07791,NA,2.1,25.9,0.7,0.8,66.458381652832,43.3348388671875,21.27594,4.91200017929077,27.61234,37.50079,ES,43.3348388671875
2009,Germany,30.5,24.5915552128255,15.4557001820009,10.952249,10.41101,7.74200010299683,23.85787,510.16268336594703,2.3,25.6,0.5,0.5,65.6189880371094,42.8323707580566,20.00129,4.52805995941162,25.37782,37.65901,ES,42.8323707580566
2010,Germany,30.2,24.6591947691195,14.9595341247028,10.518476,9.992675,6.96600008010864,23.88146,NA,2.4,25.6,0.4,0.4,64.736328125,42.3230590820313,19.04052,4.25404977798462,23.70022,38.12844,ES,42.3230590820313
2011,Germany,30.5,24.793546299557,15.3936817045961,10.640297,10.50893,5.82399988174438,22.84118,NA,2.3,24.9,0.8,0.8,63.8490104675293,41.4418296813965,19.01719,4.1848201751709,23.46748,39.2039,ES,41.4418296813965
2012,Germany,NA,24.2783555376161,16.0964073727751,10.610059,11.043085,5.37900018692017,23.04534,515.107461895721,2.5,24.3,0.7,0.8,62.5247802734375,40.3894195556641,18.70023,4.14432001113892,22.88599,39.45084,ES,40.3894195556641
2013,Germany,31.1,23.8898089329411,16.454260078602,10.491784000000001,11.288886,5.23099994659424,23.18698,NA,2.4,24.9,0.8,0.8,59.2617301940918,37.2616500854492,18.5236,4.15785980224609,23.213,39.73975,ES,37.2616500854492
2014,Germany,NA,23.5060035856152,16.4834798787981,10.678795,11.347619,4.98099994659424,23.19245,NA,2.6,24,0.7,0.8,NA,NA,18.16935,4.1734299659729,23.18286,40.25495,ES,NA
2015,Germany,31.7,23.0847252271744,16.8432713111207,10.644667,11.540576,4.62400007247925,23.00137,508.0720227523447,NA,NA,NA,NA,NA,NA,17.76286,4.13457012176514,22.83037,41.39121,ES,NA
2016,Germany,31.9,22.0149083246132,17.3603194290751,10.538555,11.923538,4.12200021743774,22.95939,NA,NA,NA,NA,NA,NA,NA,17.52693,4.1112699508667,22.10772,41.81559,ES,NA
2017,Germany,NA,21.9410240586967,17.7355216696669,10.255939,12.223694,3.74600005149841,NA,NA,2.7,26.3,0.4,0.5,NA,NA,17.22694,4.16604995727539,22.833,43.74455,ES,NA
2000,Iceland,NA,48.5275941135367,25.3048748371601,15.919924,14.335819,1.93599998950958,18.31782,506.930461604785,3.8,22.6,0.1,0.1,NA,75.5235595703125,NA,6.37621021270752,NA,NA,FI,75.5235595703125
2001,Iceland,NA,44.4061986074445,26.5259877612613,13.801072,14.798719,1.87399995326996,20.72114,NA,3.9,22.4,0,0,NA,NA,21.50883,6.85153007507324,24.75238,36.94765,FI,NA
2002,Iceland,NA,45.5384928088583,26.2373787984049,13.876794,14.642063,2.98799991607666,21.49706,NA,3.8,22.4,0.1,0.1,NA,74.0170669555664,21.99535,7.03208017349243,25.80386,37.46822,FI,74.0170669555664
2003,Iceland,26.8,46.7250462505225,27.3305297736073,14.639701,15.365919,3.99699997901917,20.97958,503.42780532814703,3.9,22,0.1,0.1,NA,73.5687713623047,21.13702,7.10236978530884,26.07076,37.45866,FI,73.5687713623047
2004,Iceland,28,47.9996300534566,27.1646241214057,15.673029,15.419415,4.0310001373291,22.10474,NA,3.8,22.3,0.1,0.1,NA,72.8120803833008,20.71923,7.12404012680054,26.1282,37.77987,FI,72.8120803833008
2005,Iceland,29,37.0953237410072,23.7634892086331,17.068243,17.014205,2.54699993133545,22.04173,NA,3.9,22.3,0.1,0.1,NA,71.953727722168,20.60201,7.14803981781006,25.94711,37.95146,FI,71.953727722168
2006,Iceland,30.2,36.8943606036537,25.4368546465449,17.190784,17.681195,2.82999992370605,21.98723,493.59462490001334,3.8,22.8,0,0,NA,71.2015533447266,20.22268,6.44504976272583,34.70223,42.01525,FI,71.2015533447266
2007,Iceland,29.5,34.9704248073131,25.7035310987632,15.89285,17.514783,2.25099992752075,20.5995,NA,3.7,22.6,0,0,NA,70.4480590820313,20.12141,6.50444984436035,34.8965,42.44763,FI,70.4480590820313
2008,Iceland,31.8,31.5031350618539,26.6903914590747,12.74273,16.730192,2.94600009918213,20.51894,NA,3.8,22.6,0,0.1,NA,69.6325378417969,19.51865,6.45955991744995,34.36908,42.51843,FI,69.6325378417969
2009,Iceland,28.7,29.6678712786095,22.7671657201859,10.925154,14.738339,7.21999979019165,20.85266,500.8503271997153,3.8,23,0.1,0.1,NA,68.7850875854492,17.70355,5.83010005950928,30.83062,42.79625,FI,68.7850875854492
2010,Iceland,26.2,29.8191298680137,21.6555320189017,11.169504,14.32778,7.56400012969971,19.40782,NA,3.8,23.3,0.1,0.1,NA,67.9684066772461,16.79146,5.67125988006592,29.59148,42.56925,FI,67.9684066772461
2011,Iceland,26.8,29.7898263783125,21.3524215656412,11.267165,15.18025,7.02799987792969,19.60857,NA,3.8,23,0.1,0.1,NA,67.1308517456055,17.3281,5.92838001251221,30.50341,42.19388,FI,67.1308517456055
2012,Iceland,26.8,30.064148253742,21.111903064861,11.635768,15.378932,6,17.84044,484.490911639031,4,23,0.1,0.1,NA,66.1979904174805,17.21847,6.02507019042969,30.83827,41.93437,FI,66.1979904174805
2013,Iceland,25.4,28.8438617401669,22.3016818964376,11.47427,16.109393,5.37599992752075,18.11362,NA,3.9,23.2,0,0,NA,NA,17.78093,6.15757989883423,31.06666,41.03367,FI,NA
2014,Iceland,27.8,27.0855270855271,23.9031239031239,11.446052,17.384329,4.89699983596802,19.35348,NA,3.9,23,0,0,NA,64.3962936401367,17.70462,6.16743993759155,25.99888,41.03578,FI,64.3962936401367
2015,Iceland,26.8,29.143709825528,24.1620752984389,11.428583,16.607991,3.97900009155273,20.35202,480.9296038554276,NA,NA,NA,NA,NA,NA,17.20851,6.01677989959717,25.32816,40.55495,FI,NA
2016,Iceland,NA,20.9235102282834,17.8476134005337,NA,NA,2.9779999256134,19.39879,NA,NA,NA,NA,NA,NA,NA,16.73011,5.84025001525879,24.30857,40.05171,FI,NA
2017,Iceland,NA,29.2213229137594,25.5465624709275,12.27227,18.196671,2.74200010299683,NA,NA,4,22.8,0,0,NA,NA,16.3202,5.70930004119873,23.22704,38.78229,FI,NA
2000,Ireland,33,38.1529471807889,40.7005830726673,12.743631,13.426739,4.31799983978271,15.881,526.668649162393,3.2,25.8,0,0,84.2147979736328,70.0754928588867,NA,5.45160007476807,NA,NA,FR,70.0754928588867
2001,Ireland,NA,37.1190780129188,40.0327804844789,11.606097,12.276487,3.68300008773804,16.57645,NA,3.2,25.9,0.1,0.1,83.6858291625977,69.6656265258789,17.3647,NA,26.28009,NA,FR,69.6656265258789
2002,Ireland,NA,38.2382680628303,39.5028134278385,11.488648,11.167695,4.21500015258789,17.19065,NA,3.1,26.6,0.1,0.1,83.2034301757813,69.4374313354492,17.53958,NA,26.46082,NA,FR,69.4374313354492
2003,Ireland,32.9,38.2843875961053,40.2755323740481,11.73914,11.459959,4.47800016403198,18.51165,509.15869834217006,3.2,26.1,0,0,82.6331634521484,68.5302200317383,17.68894,NA,26.78417,NA,FR,68.5302200317383
2004,Ireland,33.6,38.539265242228,40.2843231723961,12.239246,11.917,4.49100017547607,20.12035,NA,3.2,26.4,0.1,0.1,81.5009994506836,66.3351593017578,17.71386,NA,26.72217,NA,FR,66.3351593017578
2005,Ireland,33.8,39.097634620472,38.6397015224907,12.696812,11.798797,4.34200000762939,20.64926,NA,3.1,26.9,0,0.1,80.487663269043,63.7497215270996,17.49746,NA,26.82868,NA,FR,63.7497215270996
2006,Ireland,32.7,38.7436400785225,39.3990625375586,13.168388,12.722416,4.41499996185303,21.55856,509.0379797598943,3.1,26.9,0,0,79.8137283325195,62.7715682983398,17.91099,NA,27.17835,NA,FR,62.7715682983398
2007,Ireland,31.9,37.8391665086788,38.749665246584,12.65692,12.434243,4.98000001907349,22.52579,NA,3,27.1,0.1,0.1,79.2146911621094,61.8969383239746,18.15487,NA,28.38317,NA,FR,61.8969383239746
2008,Ireland,30.9,35.9127225805761,37.0856082742485,11.537834,11.259128,6.77400016784668,26.759,NA,3,26.1,0.1,0,78.4392318725586,61.2569885253906,17.99072,NA,28.70418,NA,FR,61.2569885253906
2009,Ireland,32.7,33.0707235560283,36.5166650621263,10.267118,10.60776,12.6090002059937,28.67095,496.9198791778893,3.2,26.7,0,0,77.9449081420898,60.3495597839355,17.5281,NA,27.04691,NA,FR,60.3495597839355
2010,Ireland,32.3,32.7456668266433,35.9406956320964,10.261206,10.46108,14.5329999923706,27.67082,NA,3.3,26.2,0,0,76.9348297119141,59.4229507446289,17.83394,NA,26.61552,NA,FR,59.4229507446289
2011,Ireland,32.9,30.6667084854646,35.856544303634,9.862782,10.717408,15.3529996871948,27.56937,NA,3.4,23.5,0,0,NA,NA,17.2182,NA,27.19799,NA,FR,NA
2012,Ireland,33.2,30.4672431494345,37.2956142348,9.921097,11.199121,15.451000213623,25.84874,515.5582101852436,3.5,23.9,0,0,74.7016830444336,56.5906105041504,17.54639,NA,27.22036,NA,FR,56.5906105041504
2013,Ireland,33.5,31.1531523276854,36.6817690333394,10.106898,11.396171,13.7349996566772,23.72087,NA,3.4,24.5,0,0,74.1402282714844,55.6975784301758,17.95336,NA,29.29764,NA,FR,55.6975784301758
2014,Ireland,31.9,31.9011930727197,36.7118929880859,10.208912,11.457749,11.8570003509521,21.61642,NA,3.3,25.2,0.1,0.2,NA,NA,17.74476,NA,29.88208,NA,FR,NA
2015,Ireland,31.8,31.4559632082206,39.4352248374162,8.112648,9.935963,9.9060001373291,16.4223,509.0373180526014,NA,NA,NA,NA,NA,NA,NA,NA,NA,NA,FR,NA
2016,Ireland,32.8,31.689510917868,39.9203110844591,8.22426,10.077659,8.37399959564209,15.94208,NA,NA,NA,NA,NA,NA,NA,NA,NA,NA,NA,FR,NA
2017,Ireland,NA,31.9630196207383,40.6923290952421,7.968738,9.963966,6.71199989318848,NA,NA,3.3,24.4,0,0,NA,NA,17.52698,NA,28.40943,NA,FR,NA
2000,Mexico,52.6,62.1280007895191,34.1156152081123,7.516304,4.131479,2.56299996376038,NA,421.960630139902,NA,NA,NA,NA,99.7478179931641,77.1117324829102,NA,5.44209003448486,NA,NA,GB,77.1117324829102
2001,Mexico,NA,NA,NA,7.501763,4.312075,2.53800010681152,15.64125,NA,2.8,26.8,0.2,0.2,NA,NA,24.17334,5.42670011520386,21.18688,37.83738,GB,NA
2002,Mexico,50.1,NA,NA,7.041811,4.39164,3.00300002098084,13.42251,NA,2.9,25.4,0.2,0.1,NA,NA,24.97949,5.55615997314453,23.05669,41.03583,GB,NA
2003,Mexico,NA,NA,NA,NA,NA,3.45499992370605,14.97844,392.47013343003005,2.9,26.1,0.2,0.2,99.8598480224609,74.7063903808594,23.5778,5.59899997711182,22.87626,41.13215,GB,74.7063903808594
2004,Mexico,50,NA,NA,NA,NA,3.93700003623962,14.02877,NA,2.9,25.3,0.1,0.2,99.8322906494141,74.0022735595703,23.14708,5.5297999382019,22.60496,40.13864,GB,74.0022735595703
2005,Mexico,50.1,NA,NA,NA,NA,3.55800008773804,14.71323,NA,3.1,24.6,0.2,0.2,99.8083190917969,87.7356567382813,NA,NA,NA,NA,GB,87.7356567382813
2006,Mexico,48.9,NA,NA,NA,NA,3.56599998474121,13.83766,408.601015411383,2.9,25.3,0.3,0.4,99.8556365966797,86.0834426879883,24.67365,5.59523010253906,29.46259,41.5706,GB,86.0834426879883
2007,Mexico,NA,NA,NA,NA,NA,3.62800002098084,13.57756,NA,2.9,26.8,0.2,0.1,99.8078689575195,86.4258270263672,24.33356,5.70323991775513,31.19587,48.31804,GB,86.4258270263672
2008,Mexico,49.9,21.7907172987415,24.6660120294125,NA,NA,3.87400007247925,13.40078,NA,2.8,26.6,0.1,0.2,99.7685623168945,84.6721725463867,22.24086,5.07431983947754,28.43834,48.91957,GB,84.6721725463867
2009,Mexico,NA,24.6210074541522,27.4903433371839,NA,NA,5.35599994659424,15.38007,419.89435535640496,2.7,26.4,0.3,0.3,NA,NA,21.33528,4.89331007003784,26.49489,47.03944,GB,NA
2010,Mexico,47.2,25.5309652024863,28.2840104220086,NA,NA,5.30299997329712,15.24485,NA,2.6,28,0.3,0.3,NA,NA,20.91308,4.91482019424438,25.57833,45.10862,GB,NA
2011,Mexico,NA,23.0299762226828,27.8520309847628,NA,NA,5.17000007629395,15.30209,NA,2.7,26.7,0.2,0.2,NA,NA,19.733,4.98531007766724,24.47537,43.31438,GB,NA
2012,Mexico,48.7,22.9847172833067,27.0774579907313,NA,NA,4.88700008392334,15.32661,417.2517921170143,2.6,26.1,0.5,0.5,NA,NA,17.01127,4.93913984298706,23.47328,45.38878,GB,NA
2013,Mexico,NA,21.4096410470941,31.2724165722652,NA,NA,4.91400003433228,15.53822,NA,2.5,27.8,0.3,0.4,NA,NA,15.87519,4.7387900352478,23.79821,47.88209,GB,NA
2014,Mexico,48.7,25.4097865558331,30.5145999517275,NA,NA,4.80900001525879,15.39478,NA,NA,NA,NA,NA,NA,NA,16.29736,4.80466985702515,25.01142,48.27423,GB,NA
2015,Mexico,NA,30.1688863872617,34.7222831247457,NA,NA,4.31300020217896,15.20393,415.66994658956537,NA,NA,NA,NA,NA,NA,14.41264,4.63886976242065,23.63757,47.14807,GB,NA
2016,Mexico,46.3,30.3955333763944,35.7061875408665,NA,NA,3.85899996757507,14.42638,NA,NA,NA,NA,NA,NA,NA,13.26629,4.11922979354858,21.94317,48.3563,GB,NA
2017,Mexico,NA,27.2451029390959,35.7564754229319,NA,NA,3.42000007629395,NA,NA,NA,NA,NA,NA,NA,NA,12.72822,4.03118991851807,21.87505,48.7333,GB,NA
2000,Norway,27.4,27.5209294856129,27.7841627158408,13.54051,18.886921,3.45799994468689,NA,505.280988572437,NA,NA,NA,NA,86.1611022949219,70.7767715454102,NA,3.50686001777649,NA,NA,IE,70.7767715454102
2001,Norway,NA,27.8046898385002,27.3416925489291,13.316588,18.999482,3.73799991607666,NA,NA,3.1,25.9,0.2,0.1,NA,NA,11.84396,3.71972990036011,15.94208,35.5457,IE,NA
2002,Norway,NA,27.9121248060312,29.142606803954,13.414093,18.52767,4.02199983596802,29.99078,NA,3.1,25.4,0.3,0.3,NA,NA,11.83086,3.75829005241394,16.4223,33.29748,IE,NA
2003,Norway,27.6,27.6830304356171,27.7874486129696,13.025358,18.247665,4.22100019454956,31.71205,497.462812075516,3.1,24.9,0.4,0.4,NA,NA,15.34303,4.88139009475708,21.61642,33.3463,IE,NA
2004,Norway,31.6,26.3666441665609,30.8025657238371,12.75553,19.64893,4.25600004196167,29.40803,NA,2.8,26.1,0.6,0.7,NA,NA,16.66697,5.33460998535156,23.72087,33.47738,IE,NA
2005,Norway,30.6,24.7247610972909,32.8817707217238,12.204692,20.922853,4.38100004196167,28.10482,NA,3,25.9,0.3,0.2,NA,NA,18.54038,5.7657299041748,25.84874,33.42676,IE,NA
2006,Norway,26.4,23.4140592179297,32.8695303083997,12.072125,21.4017,3.3989999294281,25.36861,486.8889578903777,2.8,25.5,0.5,0.5,83.4697036743164,66.3703002929688,18.73773,5.85826015472412,27.56937,34.01528,IE,66.3703002929688
2007,Norway,27.1,24.233969863521,31.0919929422845,12.401883,20.185068,2.49300003051758,25.6322,NA,2.8,24.9,0.5,0.5,81.0681991577148,66.5854721069336,19.21821,6.03804016113281,27.67082,33.81313,IE,66.5854721069336
2008,Norway,27,21.2797763788152,32.5670796216516,11.066318,20.871975,2.54999995231628,24.61355,NA,3,25.6,0.4,0.4,NA,NA,19.94379,6.13508987426758,28.67095,33.64717,IE,NA
2009,Norway,26.2,24.5475081839142,29.1016360914939,11.860028,18.882774,3.1029999256134,28.30466,500.35380440486534,3.3,24.6,0.2,0.2,NA,NA,18.04957,5.4441499710083,26.759,34.85668,IE,NA
2010,Norway,25.7,24.930808621348,31.2060680736875,11.944451,19.741763,3.52099990844727,26.76168,NA,3.3,25.5,0.1,0.1,77.0306167602539,60.5434913635254,15.27455,4.71224021911621,22.52579,34.34091,IE,60.5434913635254
2011,Norway,25.3,23.1578523853241,32.7634500239575,11.517941,20.457693,3.21499991416931,25.75067,NA,3.1,25.6,0.2,0.4,NA,NA,14.25449,4.54550981521606,21.55856,34.78984,IE,NA
2012,Norway,25.7,22.850716012595,31.9477176492743,11.30558,20.023819,3.12299990653992,NA,495.94456387955034,3.1,26.9,0,0,NA,NA,13.93964,4.52216005325317,20.64926,34.83331,IE,NA
2013,Norway,26.4,24.0711064499213,29.1813319349764,11.373985,18.146691,3.42300009727478,24.491,NA,3,26.6,0,0,NA,NA,13.58711,4.48629999160767,20.12035,35.3211,IE,NA
2014,Norway,26.8,24.6436120507436,25.7017244411342,11.543033,16.458467,3.48399996757507,24.28563,NA,3.1,25.9,0.1,0.1,NA,NA,12.83365,4.2055401802063,18.51165,35.31279,IE,NA
2015,Norway,27.5,25.9500455762848,22.2491104705795,12.057105,15.092556,4.2960000038147,26.35316,504.46736562268205,NA,NA,NA,NA,NA,NA,11.77405,4.10604000091553,17.19065,34.39712,IE,NA
2016,Norway,28.5,27.3868181369412,20.7257816489794,12.558202,13.945372,4.67899990081787,26.78578,NA,NA,NA,NA,NA,NA,NA,11.39069,4.09186983108521,16.57645,34.41245,IE,NA
2017,Norway,27,26.8635624061373,21.8905535618864,NA,NA,4.16200017929077,NA,NA,3.1,26.1,0.1,0.2,NA,NA,10.79667,4.1366400718689,15.881,34.12631,IE,NA
2000,OECD members,NA,31.9135383709801,25.3899160639942,NA,NA,6.77579628889121,22.833,493.490986990239,NA,NA,NA,NA,NA,NA,NA,7.65821981430054,NA,NA,IS,NA
2001,OECD members,NA,31.6916193456187,25.9036714346914,NA,NA,6.62393802881131,24.01232,NA,NA,NA,NA,NA,NA,NA,22.10298,7.49521017074585,19.39879,27.26717,IS,NA
2002,OECD members,NA,32.4646594349165,24.5715429453705,NA,NA,7.17971631108486,23.84481,NA,3.9,22.5,0,0,NA,NA,22.79978,7.51290988922119,20.35202,28.12977,IS,NA
2003,OECD members,NA,32.5794864161771,24.6721607476837,NA,NA,7.29938405811938,24.331795,496.7747455613335,3.8,23.5,0,0,NA,NA,24.10316,7.68858003616333,19.35348,27.6617,IS,NA
2004,OECD members,NA,32.3993465087696,27.1020171871486,NA,NA,7.18875069224347,23.134615,NA,4.1,21.3,0.1,0,NA,NA,23.30171,7.49121999740601,18.11362,27.94207,IS,NA
2005,OECD members,NA,32.0794547271626,27.2447860846001,NA,NA,6.82933887828046,22.88599,NA,3.8,22.1,0,0,NA,NA,23.35429,7.596360206604,17.84044,28.00106,IS,NA
2006,OECD members,NA,31.6041964935339,28.0789732614872,NA,NA,6.26573412012969,23.173515,490.188710385432,3.7,22.1,0.1,0.1,NA,NA,24.88264,6.81823015213013,19.60857,31.74802,IS,NA
2007,OECD members,NA,31.7312271662314,27.6627200450094,NA,NA,5.81428013834616,22.838415,NA,3.9,22,0.1,0.1,NA,NA,24.3018,6.97847986221313,19.40782,31.15039,IS,NA
2008,OECD members,NA,31.3666996429467,25.9223024611476,NA,NA,6.13766646041409,25.311355,NA,3.7,24,0.1,0.1,NA,NA,24.98791,7.18424987792969,20.85266,31.9646,IS,NA
2009,OECD members,NA,30.2369317909434,26.0059887127633,NA,NA,8.2811206303326,27.26857,493.2616455638187,3.6,27.1,0.1,0.1,NA,NA,25.15501,7.10258007049561,20.51894,31.9235,IS,NA
2010,OECD members,NA,31.6845890338035,26.2185435655371,NA,NA,8.43165271293853,26.170275,NA,3.7,24.8,0,0.1,NA,NA,24.8153,6.98871994018555,20.5995,32.57589,IS,NA
2011,OECD members,NA,31.5103495098235,25.1127084648435,NA,NA,8.03040513466778,25.75067,NA,3.6,25.4,0.1,0.1,NA,NA,25.25052,7.29924011230469,21.98723,33.6148,IS,NA
2012,OECD members,NA,31.3585784873059,24.4919520890294,NA,NA,8.0071056958929,22.90658,493.93949960637565,3.7,24.4,0,0,95.8437881469727,60.7412605285645,24.83495,7.35609006881714,22.04173,33.64924,IS,60.7412605285645
2013,OECD members,NA,31.4407662118039,25.8634230844851,NA,NA,7.92613262296746,23.18698,NA,3.8,23.7,0.1,0.2,NA,NA,23.44304,7.15629005432129,22.10474,34.58216,IS,NA
2014,OECD members,NA,31.8382423290214,25.2363972109435,NA,NA,7.40657013917716,22.973355,NA,3.8,22.6,0,0,NA,NA,23.27294,7.25477981567383,20.97958,34.5466,IS,NA
2015,OECD members,NA,31.4949501526165,25.4882244795251,NA,NA,6.83155594315059,22.54295,489.32328754395763,NA,NA,NA,NA,NA,NA,24.21531,7.31757020950317,21.49706,34.21395,IS,NA
2016,OECD members,NA,32.0580197175345,25.2832517565568,NA,NA,6.41827392873693,22.30415,NA,NA,NA,NA,NA,NA,NA,20.81703,6.73002004623413,20.72114,34.77509,IS,NA
2017,OECD members,NA,32.1314483405493,25.6661994322907,NA,NA,5.88688285722558,NA,NA,NA,NA,NA,NA,NA,NA,21.45009,6.4471697807312,18.31782,32.46631,IS,NA
2000,Portugal,NA,31.9420931514763,24.5085750852687,13.175469,9.100224,3.80900001525879,27.45393,470.154622154989,NA,NA,NA,NA,61.171070098877,34.1090507507324,NA,4.52281999588013,NA,NA,MX,34.1090507507324
2001,Portugal,NA,32.3892265566791,23.4989848773387,13.186954,8.650146,3.82800006866455,28.86026,NA,1.9,36.9,2.2,2.2,59.7126693725586,33.2946891784668,13.78185,4.90949010848999,14.42638,32.94466,MX,33.2946891784668
2002,Portugal,NA,32.4646594349165,22.2389491750308,13.644545,8.483302,4.49700021743774,28.96929,NA,NA,NA,NA,NA,59.538761138916,33.3462181091309,14.4207,5.23523998260498,15.20393,32.31004,MX,33.3462181091309
2003,Portugal,38.7,32.8106958921155,20.1728709529751,14.124498000000001,7.950655,6.13199996948242,29.5211,471.7926700784165,1.7,39.5,3.7,3.7,57.4869689941406,31.7997303009033,14.25357,5.2606201171875,15.39478,31.9821,MX,31.7997303009033
2004,Portugal,38.9,32.3993465087696,20.6774731892499,13.401162,7.840093,6.31699991226196,32.70983,NA,NA,NA,NA,NA,56.5583801269531,31.6299304962158,14.2666,4.69605016708374,15.53822,35.20388,MX,31.6299304962158
2005,Portugal,38.5,33.7686722470318,20.1100368052836,14.101027,7.708984,7.58199977874756,32.41884,NA,1.6,38.9,3.7,3.8,58.0119209289551,33.7975082397461,13.90573,5.10309982299805,15.32661,31.36863,MX,33.7975082397461
2006,Portugal,38.1,34.0918887134752,20.7902877157241,14.376987,7.975571,7.64699983596802,31.53999,470.9237266332927,NA,NA,NA,NA,NA,NA,14.04204,5.10564994812012,15.30209,30.66226,MX,NA
2007,Portugal,36.8,32.7181759334578,22.4176456909599,13.957416,8.800967,7.96400022506714,30.14913,NA,1.6,37.1,4.3,4.5,53.0869216918945,29.2044105529785,14.20939,5.15922021865845,15.24485,30.25379,MX,29.2044105529785
2008,Portugal,36.6,31.7490856103031,22.7570667450303,13.465903,8.927757,7.55200004577637,30.21151,NA,NA,NA,NA,NA,54.364559173584,31.350269317627,14.21869,5.18794012069702,15.38007,30.24801,MX,31.350269317627
2009,Portugal,34.9,29.1772455611847,21.6440190711927,12.056359,8.276245,9.43200016021729,37.1795,489.7243990235136,1.4,39.1,4.9,5.4,52.8056488037109,30.3455104827881,13.52084,4.82006978988647,13.40078,28.71158,MX,30.3455104827881
2010,Portugal,35.8,31.4932875845455,21.2566238508835,12.690854,8.136324,10.7700004577637,34.8872,NA,NA,NA,NA,NA,51.8123016357422,30.2054595947266,13.38607,4.69050979614258,13.57756,29.49101,MX,30.2054595947266
2011,Portugal,36.3,31.466047405122,22.9585429361237,13.291359,9.098088,12.6770000457764,32.56221,NA,1.6,38.9,4,4.2,51.797191619873,30.2607498168945,13.44618,4.69992017745972,13.83766,29.79115,MX,30.2607498168945
2012,Portugal,36,31.4882010640358,21.2521167903796,13.303208,8.712705,15.5270004272461,27.56725,488.0318671425703,1.4,39.6,5.7,6.6,47.6764907836914,25.8786392211914,13.65558,4.84568977355957,14.71323,30.26007,MX,25.8786392211914
2013,Portugal,36.2,29.231986921251,25.898865599625,13.041143,10.961589,16.1830005645752,30.61593,NA,1.5,39.6,5.4,6,47.9557304382324,22.4114398956299,13.36951,4.72670984268188,14.02877,29.5445,MX,22.4114398956299
2014,Portugal,35.6,30.4191504479247,25.2363972109435,13.470279,10.542775,13.8940000534058,29.07866,NA,NA,NA,NA,NA,NA,NA,13.82544,5.07257986068726,14.97844,29.18475,MX,NA
2015,Portugal,35.5,31.6168274278909,25.2793192746128,13.68352,10.423194,12.4440002441406,27.69333,496.95197857380396,1.5,39.6,6.3,6.6,NA,NA,11.95263,4.45495986938477,13.42251,28.72046,MX,NA
2016,Portugal,35.2,32.5550027867587,24.0896978304274,13.966173,9.814991,11.0659999847412,NA,NA,NA,NA,NA,NA,NA,NA,11.37896,4.24104022979736,15.64125,34.4072,MX,NA
2017,Portugal,33.8,33.0433243689928,24.0191056582023,14.238148,9.709756,8.86699962615967,NA,NA,1.3,42,7.7,9,40.4004783630371,18.5773105621338,10.79037,3.99243998527527,NA,NA,MX,18.5773105621338
2000,Spain,34.3,41.181164560227,41.1247420686097,10.878466,9.406086,13.7849998474121,22.833,492.552969076338,3.3,21.6,0.2,0.3,99.2403411865234,78.2241363525391,NA,7.91198015213013,NA,NA,NO,78.2241363525391
2001,Spain,NA,40.2706012365222,41.1606582838028,10.51531,9.261588,10.3479995727539,22.10772,NA,3.2,23.1,0.2,0.3,99.2340087890625,77.8364028930664,21.70425,8.03055000305176,26.78578,28.57616,NO,77.8364028930664
2002,Spain,NA,40.8627633325584,41.9832157133322,10.469132,9.759794,11.1459999084473,22.83037,NA,3.5,22.3,0.1,0.1,99.2287826538086,77.4857177734375,21.50107,7.5693302154541,26.35316,29.36497,NO,77.4857177734375
2003,Spain,31.8,43.0350738070468,40.509847002248,10.798609,9.253025,11.2829999923706,23.18286,482.8230236003115,3.5,21.6,0.1,0.1,99.2095336914063,77.0060577392578,19.93082,7.69504022598267,24.28563,26.97505,NO,77.0060577392578
2004,Spain,33.3,43.5911891434784,40.8784010523631,11.239403,9.706319,11.0900001525879,23.213,NA,3.7,21.3,0.1,0.1,NA,NA,19.93863,7.48535013198853,24.491,28.54648,NO,NA
2005,Spain,32.4,42.9241660667147,43.1749460043197,11.638012,10.301717,9.14599990844727,22.88599,NA,3.7,20.9,0.1,0.1,NA,NA,19.2561,7.37470006942749,NA,NA,NO,NA
2006,Spain,33.5,41.3175113433693,44.9831679035502,11.644409,11.032938,8.45199966430664,23.46748,476.40404725428306,3.8,20.5,0.1,0.1,99.5988998413086,75.9920196533203,19.57995,6.4545202255249,25.75067,35.23849,NO,75.9920196533203
2007,Spain,34.1,37.835698756626,48.4397977379876,10.895295,12.146107,8.23200035095215,23.70022,NA,3.7,21,0.1,0.2,99.7040786743164,75.414192199707,20.7242,6.74633979797363,26.76168,35.33097,NO,75.414192199707
2008,Spain,34.2,39.6941128396719,43.2275765447594,8.989218,9.790608,11.253999710083,25.37782,NA,3.7,21.3,0.1,0.1,99.7030029296875,74.8919067382813,20.91804,7.10337018966675,28.30466,35.12201,NO,74.8919067382813
2009,Spain,34.9,38.6424561226038,40.3224058324964,7.653935,8.860698,17.8570003509521,27.61234,484.26336546552506,3.5,21.8,0.2,0.2,99.7247924804688,74.9272384643555,17.57616,6.2852201461792,24.61355,34.81273,NO,74.9272384643555
2010,Spain,35.2,42.6688240612954,36.4571931661352,9.221789,8.772527,19.8600006103516,26.05485,NA,3.6,22.2,0.1,0.1,99.813102722168,73.6483612060547,17.85465,6.53439998626709,25.6322,34.97291,NO,73.6483612060547
2011,Spain,35.7,39.9616947780634,32.0173513535082,8.88569,8.995897,21.3899993896484,25.89151,NA,3.5,21.1,0.1,0.1,99.8086318969727,73.2487030029297,17.75926,6.3827600479126,25.36861,35.14526,NO,73.2487030029297
2012,Spain,35.4,39.5733056519245,26.6211380337094,9.326474,9.62358,24.7870006561279,21.01442,489.5681011290203,3.5,26.3,0.2,0.2,99.8262786865234,71.2688980102539,18.49543,6.86506986618042,28.10482,35.66889,NO,71.2688980102539
2013,Spain,36.2,43.5326850530461,32.8769926874869,10.056352,9.618525,26.0939998626709,18.50276,NA,3.5,27.1,0.3,0.3,99.821891784668,80.6914978027344,19.58362,7.2982702255249,29.40803,35.09394,NO,80.6914978027344
2014,Spain,36.1,44.3744369610913,33.4091201578654,10.373081000000001,9.635539,24.4409999847412,18.22419,NA,3.8,23.4,0.2,0.2,NA,NA,20.84973,7.41635990142822,31.71205,36.04755,NO,NA
2015,Spain,36.2,46.4035649398989,32.6695923328804,10.631245,9.52089,22.056999206543,18.49989,491.401929581881,NA,NA,NA,NA,NA,NA,20.02783,7.43729019165039,29.99078,33.12719,NO,NA
2016,Spain,35.8,47.5129249981573,32.7905360583757,10.423408,9.341199,19.6350002288818,18.88163,NA,NA,NA,NA,NA,NA,NA,NA,6.83062982559204,NA,NA,NO,NA
2017,Spain,34.7,48.3214044010582,33.1996882754661,10.483853,9.647392,17.2240009307861,NA,NA,4,23.2,0.2,0.2,NA,NA,NA,6.46726989746094,NA,NA,NO,NA
2000,Sweden,27.2,32.1218423372302,17.3979340499459,12.360805,19.940324,5.46600008010864,24.42232,516.331185782007,NA,NA,NA,NA,NA,NA,NA,4.99449515342712,NA,NA,OE,NA
2001,Sweden,NA,34.753253685701,12.9852255300669,12.303661,17.640922,4.73000001907349,24.13673,NA,NA,NA,NA,NA,NA,NA,20.279965,5.00711011886597,22.30415,35.5457,OE,NA
2002,Sweden,NA,37.3400574204692,10.0477733682246,12.403253,16.050243,4.96500015258789,24.33024,NA,NA,NA,NA,NA,NA,NA,19.878015,5.10685014724731,22.54295,35.488555,OE,NA
2003,Sweden,25.3,37.3650351879959,10.7142659453044,12.405631,16.651109,5.55499982833862,24.34073,511.65693086494747,NA,NA,NA,NA,NA,NA,19.93082,5.14438509941101,22.973355,37.47731,OE,NA
2004,Sweden,26.1,36.7649132703427,12.9568277635935,12.222578,17.354203,6.69299983978271,31.60848,NA,NA,NA,NA,NA,NA,NA,20.71923,5.13511013984681,23.18698,35.20388,OE,NA
2005,Sweden,26.8,35.872625971911,15.5937183600574,12.450342,18.194814,7.48600006103516,30.73941,NA,NA,NA,NA,NA,NA,NA,19.70147,4.99497509002686,22.90658,37.64103,OE,NA
2006,Sweden,26.4,36.0667261420101,17.2271074024546,12.319029,18.0865,7.06599998474121,29.90281,504.33442810142765,NA,NA,NA,NA,NA,NA,20.76488,5.11449003219604,25.75067,36.510805,OE,NA
2007,Sweden,27.1,35.470334236255,17.7385735562092,12.251907,17.379623,6.16099977493286,29.01087,NA,NA,NA,NA,NA,NA,NA,21.89051,5.39120984077454,26.170275,38.39372,OE,NA
2008,Sweden,28.1,37.0710297350576,13.9781949791342,12.480558,15.899549,6.2350001335144,29.16087,NA,NA,NA,NA,NA,NA,NA,20.91804,5.43156003952026,27.26857,40.246085,OE,NA
2009,Sweden,27.3,38.8114291608828,13.034369116971,12.987775,15.50335,8.35099983215332,31.16577,495.59783207575333,NA,NA,NA,NA,NA,NA,18.63799,4.9334499835968,25.311355,40.998635,OE,NA
2010,Sweden,27.7,38.9173000688553,14.8394099833544,12.945282,15.316196,8.60999965667725,30.18899,NA,NA,NA,NA,NA,NA,NA,19.04052,4.71224021911621,22.838415,39.232,OE,NA
2011,Sweden,27.6,38.4520683534156,14.1149476060762,12.598645,14.775633,7.80399990081787,31.04577,NA,NA,NA,NA,NA,NA,NA,19.01719,4.86410999298096,23.173515,39.9864,OE,NA
2012,Sweden,27.6,38.7036710535639,12.4322151057123,12.542869,14.486925,7.97599983215332,24.67428,482.13153604390135,NA,NA,NA,NA,NA,NA,18.49543,4.93913984298706,22.88599,39.45084,OE,NA
2013,Sweden,28.8,38.3099882131013,12.8976272948947,12.486352,14.812787,8.05200004577637,24.79329,NA,NA,NA,NA,NA,NA,NA,18.71725,4.96186494827271,23.134615,39.73975,OE,NA
2014,Sweden,28.4,38.3145410195141,14.0804678166069,12.325806,14.858666,7.95300006866455,24.47355,NA,NA,NA,NA,NA,NA,NA,19.15594,5.09151005744934,24.331795,40.97177,OE,NA
2015,Sweden,29.2,37.7258675225769,15.8702808813678,12.38974,15.465271,7.43200016021729,23.58743,495.83202831774565,NA,NA,NA,NA,NA,NA,20.02783,5.17923021316528,23.84481,40.007545,OE,NA
2016,Sweden,29.6,37.7770355878579,15.7038760385174,12.70496,15.936802,6.98999977111816,23.75742,NA,NA,NA,NA,NA,NA,NA,19.51486,4.96468496322632,24.01232,40.613575,OE,NA
2017,Sweden,28.8,37.5391848522511,16.2172913322271,12.630862,15.844267,6.71799993515015,NA,NA,NA,NA,NA,NA,NA,NA,17.37696,4.78140020370483,22.833,40.47556,OE,NA
2000,Switzerland,33.4,33.487933812623,19.8673735543076,6.737774,12.14292,2.66599988937378,24.66126,494.371618875125,2.7,26.7,0.3,0.4,55.180721282959,37.6235198974609,NA,5.0156102180481,NA,NA,PT,37.6235198974609
2001,Switzerland,NA,34.5853659349778,15.8677872475614,6.645185,11.424169,2.49000000953674,25.29121,NA,2.4,27.6,0.3,0.4,54.1912498474121,36.7709617614746,NA,NA,NA,NA,PT,36.7709617614746
2002,Switzerland,31.7,33.3082465832832,16.7939640256068,6.456308,11.943726,2.92400002479553,26.88653,NA,2.4,27.3,0.5,0.5,52.7052001953125,35.4289283752441,22.50957,4.88554000854492,27.69333,42.60779,PT,35.4289283752441
2003,Switzerland,NA,33.7090069198648,16.9185708134501,6.464229,11.556183,4.11600017547607,26.6065,512.8372736481635,2.3,27.4,0.5,0.5,51.444938659668,34.2075881958008,23.83291,5.12400007247925,29.07866,42.2865,PT,34.2075881958008
2004,Switzerland,NA,34.5659494755364,17.1879283179549,6.526807,11.563211,4.31599998474121,25.46407,NA,2.1,27.5,0.7,0.8,49.2851486206055,31.8690605163574,23.85649,5.2709698677063,30.61593,43.91554,PT,31.8690605163574
2005,Switzerland,NA,34.4566122643214,18.3583311683719,6.520177,11.851064,4.43699979782104,25.36203,NA,2.2,27.8,0.6,0.7,47.2301597595215,30.022819519043,20.89649,4.94940996170044,27.56725,44.64523,PT,30.022819519043
2006,Switzerland,33.9,34.1634090769896,19.4968066979364,6.418415,11.939038,4,23.84324,513.4859468528599,2.5,28.7,0.4,0.5,45.0074005126953,27.8761291503906,20.76488,5.12333011627197,32.56221,43.71099,PT,27.8761291503906
2007,Switzerland,34.3,33.7358745559216,20.0915194634538,6.189016,12.000527,3.65199995040894,22.80694,NA,2.7,28.3,0.1,0.1,41.3025512695313,25.5953102111816,21.00495,5.41248989105225,34.8872,44.01338,PT,25.5953102111816
2008,Switzerland,33.8,32.9345592290794,23.0328674672161,6.210899,12.290378,3.34999990463257,28.20173,NA,2.7,27.5,0.2,0.2,39.6641807556152,24.0550308227539,21.35387,5.56314992904663,37.1795,44.87685,PT,24.0550308227539
2009,Switzerland,32.9,32.7273585278517,21.7825512586002,6.194247,12.505505,4.11600017547607,26.9248,517.009455539757,2.6,28.9,0.2,0.1,37.5461883544922,22.7975196838379,18.97337,4.69609022140503,30.21151,42.09272,PT,22.7975196838379
2010,Switzerland,32.6,33.4713577933663,21.5539792832425,6.290239,12.03957,4.80700016021729,26.2857,NA,2.6,28.9,0.3,0.3,35.5457801818848,22.2938194274902,19.2106,4.92147016525269,30.14913,39.5278,PT,22.2938194274902
2011,Switzerland,31.7,33.0166898844657,20.9984300578289,6.269869,12.35072,4.40799999237061,25.89147,NA,2.5,29.7,0.1,0.1,34.9942398071289,22.4099292755127,20.76202,4.90767002105713,31.53999,40.41454,PT,22.4099292755127
2012,Switzerland,31.6,32.7443335716458,20.7860643255277,6.205427,12.109255,4.4850001335144,25.97821,518.422925991886,2.4,30.6,0.5,0.5,33.4472198486328,21.3362998962402,21.67935,5.07394981384277,32.41884,40.7537,PT,21.3362998962402
2013,Switzerland,32.5,32.2494598262987,21.2978357390191,6.144011,12.184968,4.74700021743774,26.41812,NA,2.4,30.8,0.4,0.5,31.8991203308105,20.3303508758545,21.78473,5.04638004302979,32.70983,41.16126,PT,20.3303508758545
2014,Switzerland,32.5,32.3116760962822,20.9498887818138,6.057337,12.193088,4.82600021362305,26.39044,NA,2.3,30.2,0.8,0.9,29.2138500213623,18.4442596435547,21.84028,5.28152990341187,29.5211,40.97177,PT,18.4442596435547
2015,Switzerland,32.3,31.0798042501573,22.850584922276,6.083161,12.798376,4.80100011825562,24.45516,506.3182064333787,NA,NA,NA,NA,27.2185001373291,16.7417106628418,22.03138,5.25871992111206,28.96929,42.16323,PT,16.7417106628418
2016,Switzerland,33,30.8572996944268,22.8129330577769,5.998649,12.893874,4.91800022125244,NA,NA,NA,NA,NA,NA,26.3282699584961,16.4253997802734,20.90474,5.33713006973267,28.86026,42.44916,PT,16.4253997802734
2017,Switzerland,32.7,30.4765367348679,24.961570781434,6.415002,13.226944,4.79699993133545,NA,NA,NA,NA,NA,NA,25.1296806335449,15.67506980896,19.60965,5.16384983062744,27.45393,42.96321,PT,15.67506980896
2000,United Kingdom,NA,33.5076260948354,38.7258920481512,11.139956,13.0535,5.56199979782104,21.87505,523.443303655088,3,22.3,0.2,0.2,91.0670318603516,76.1459503173828,NA,7.56883001327515,NA,NA,SE,76.1459503173828
2001,United Kingdom,NA,32.9881409284377,38.2800163140667,10.851838,12.866199,4.69500017166138,21.94317,NA,3,23.3,0.3,0.3,90.5436477661133,75.5588836669922,21.74093,7.61861991882324,23.75742,27.39142,SE,75.5588836669922
2002,United Kingdom,NA,34.0765367804334,37.1322731640782,10.821076,12.056113,5.03700017929077,23.63757,NA,2.9,22.9,0.4,0.4,90.019401550293,75.0337524414063,21.33574,7.4439001083374,23.58743,27.10897,SE,75.0337524414063
2003,United Kingdom,NA,34.1462041413817,36.2492074876809,10.793945,11.469505,4.80700016021729,25.01142,507.635415310744,3.1,22.2,0.4,0.5,89.4749069213867,74.4703674316406,21.88263,7.57372999191284,24.47355,27.47981,SE,74.4703674316406
2004,United Kingdom,36,33.0866236065088,36.5411580475307,10.869025,12.049663,4.5939998626709,23.79821,NA,2.9,22.2,0.6,0.6,88.9272308349609,73.9167327880859,22.22538,7.61120986938477,24.79329,27.89324,SE,73.9167327880859
2005,United Kingdom,34.3,30.9359966147513,37.474785238015,10.469559,12.793663,4.75,23.47328,NA,3,21.6,0.4,0.5,88.334358215332,79.0048828125,22.04928,7.5369701385498,24.67428,28.82357,SE,79.0048828125
2006,United Kingdom,34.6,31.2777028329158,38.3627453679487,10.467563,12.983355,5.34999990463257,24.47537,501.7670719899734,3,21.6,0.5,0.5,87.7039489746094,78.3214797973633,25.6905,6.36691999435425,31.04577,35.42212,SE,78.3214797973633
2007,United Kingdom,35.7,31.1703485008086,38.3430633651321,10.483379,13.108717,5.26200008392334,25.57833,NA,3.2,21.8,0.5,0.5,87.0703430175781,77.6163787841797,26.15131,6.52268981933594,30.18899,35.58738,SE,77.6163787841797
2008,United Kingdom,34.1,29.1420786627891,36.5537736115425,10.011964,12.686163,5.61499977111816,26.49489,NA,3.2,21.4,0.4,0.4,86.4433135986328,76.9570770263672,26.74402,6.74971008300781,31.16577,36.78404,SE,76.9570770263672
2009,United Kingdom,34.3,29.707231067841,37.0011290085604,9.50794,12.057234,7.53700017929077,28.43834,500.102109410876,3.2,22.4,0.5,0.6,85.7820510864258,76.2738800048828,24.76819,6.34455013275146,29.16087,37.87065,SE,76.2738800048828
2010,United Kingdom,34.4,31.8758904830615,36.2208125743015,10.535758,12.132702,7.78700017929077,31.19587,NA,3.4,21.6,0.4,0.4,90.4075012207031,80.3960723876953,23.66173,6.17158985137939,29.01087,38.85044,SE,80.3960723876953
2011,United Kingdom,33.2,33.5703385127636,35.4066662042175,11.328935,12.205467,8.03699970245361,29.46259,NA,3.6,21.1,0.3,0.3,89.8014526367188,79.7420883178711,23.09714,6.36429023742676,29.90281,38.60232,SE,79.7420883178711
2012,United Kingdom,32.3,33.2717555692147,33.2149789725613,11.18247,11.560239,7.88500022888184,NA,502.4622227347513,3.2,21.1,0.9,1,89.1418304443359,79.0401763916016,23.57448,6.5064001083374,30.73941,38.21497,SE,79.0401763916016
2013,United Kingdom,33.2,33.4240923430113,32.6242785702245,11.23729,11.442019,7.52500009536743,22.60496,NA,3.7,21.1,0.4,0.4,88.4231033325195,78.2497787475586,23.52314,6.66310977935791,31.60848,37.256,SE,78.2497787475586
2014,United Kingdom,34,34.392511031901,32.7876423857497,11.301307,11.153229,6.1100001335144,22.87626,NA,3.7,20.1,0.3,0.3,NA,NA,21.81375,6.79142999649048,24.34073,36.41856,SE,NA
2015,United Kingdom,33.2,34.1993190203461,32.7719565977663,11.326061,11.332257,5.30100011825562,23.05669,499.8906549177247,NA,NA,NA,NA,NA,NA,22.2216,6.92434978485107,24.33024,36.44994,SE,NA
2016,United Kingdom,34.8,33.9134593153087,33.335439575037,11.369674,11.682458,4.81300020217896,21.18688,NA,NA,NA,NA,NA,NA,NA,20.64739,6.61764001846313,24.13673,37.73357,SE,NA
2017,United Kingdom,NA,33.4109174009201,33.2275244819321,11.272766,11.888456,4.33500003814697,NA,NA,3.8,22.1,0,0,NA,NA,21.72499,6.740149974823,24.42232,37.74313,SE,NA
2000,United States,40.1,3.18263277168296,57.4623327612528,4.362611,14.180796,3.99200010299683,NA,504.419691574893,NA,NA,NA,NA,NA,NA,NA,NA,NA,NA,US,NA
2001,United States,NA,3.12972141223019,55.264593702447,4.287096,13.170961,4.73099994659424,NA,NA,1.8,30.4,1,1,95.5852432250977,89.0923614501953,19.85908,NA,22.1348,NA,US,89.0923614501953
2002,United States,NA,3.51733050149121,50.8179215892869,4.286254,10.959243,5.78299999237061,NA,NA,NA,NA,NA,NA,95.3349685668945,88.4119720458984,19.76064,NA,21.68055,NA,US,88.4119720458984
2003,United States,NA,3.57392626075496,50.0956080495724,4.328255,10.489836,5.98899984359741,NA,489.0343273249435,NA,NA,NA,NA,95.2634735107422,88.3135833740234,19.7888,4.96174001693726,22.36455,34.55486,US,88.3135833740234
2004,United States,40.3,3.49631277083728,50.7750219477348,4.357993,10.731404,5.52899980545044,NA,NA,1.8,30,0.9,1,95.2045288085938,88.1503067016602,19.71867,4.93104982376099,22.58939,35.16779,US,88.1503067016602
2005,United States,NA,3.16720991716668,54.232203940948,4.419619,12.080312,5.08300018310547,NA,NA,NA,NA,NA,NA,94.984489440918,87.6791000366211,20.5226,NA,22.76782,NA,US,87.6791000366211
2006,United States,NA,2.81774173148565,55.7457787327575,4.411101,12.816316,4.6230001449585,NA,481.62949748645246,NA,NA,NA,NA,94.9027328491211,87.5908889770508,20.85277,NA,23.89396,NA,US,87.5908889770508
2007,United States,40.8,2.43646851021347,55.9978237919131,4.300037,12.9221,4.62200021743774,NA,NA,1.8,29.3,1,1,94.7695007324219,87.1494064331055,22.05341,NA,24.28969,NA,US,87.1494064331055
2008,United States,NA,2.472900910292,53.3018781625981,4.198851,11.890851,5.78399991989136,NA,NA,NA,NA,NA,NA,94.5352172851563,86.7090835571289,NA,NA,NA,NA,US,86.7090835571289
2009,United States,NA,3.00888822203754,45.4741987115809,4.07062,9.255927,9.25399971008301,NA,496.40853537759534,NA,NA,NA,NA,94.4855499267578,86.614128112793,NA,NA,NA,NA,US,86.614128112793
2010,United States,40,2.75991222124702,47.6395139758991,4.107542,9.948806,9.63300037384033,24.28969,NA,1.7,30.4,0.9,1,NA,NA,NA,NA,NA,NA,US,NA
2011,United States,NA,2.95603808301015,52.769671539296,4.212789,11.020418,8.94900035858154,23.89396,NA,NA,NA,NA,NA,94.1891632080078,85.7232284545898,NA,NA,NA,NA,US,85.7232284545898
2012,United States,NA,2.99166964181207,53.5227202467958,4.203321,11.263488,8.06900024414063,22.76782,492.1194389083437,NA,NA,NA,NA,93.6958770751953,85.191780090332,NA,NA,NA,NA,US,85.191780090332
2013,United States,40.7,2.84075073200868,51.109498715089,4.262874,12.02321,7.375,22.58939,NA,1.8,30.1,0.9,1,93.714241027832,85.1531524658203,NA,NA,NA,NA,US,85.1531524658203
2014,United States,NA,2.97866769615442,53.1051617285157,4.25055,12.3815,6.16800022125244,22.36455,NA,NA,NA,NA,NA,NA,NA,NA,NA,NA,NA,US,NA
2015,United States,NA,2.94063825688113,54.1615640789176,4.197272,12.675928,5.28000020980835,21.68055,487.6020077771647,NA,NA,NA,NA,NA,NA,NA,NA,NA,NA,US,NA
2016,United States,41.1,2.83260821876957,53.9309204180883,4.157837,12.36476,4.86899995803833,22.1348,NA,NA,NA,NA,NA,NA,NA,NA,NA,NA,NA,US,NA
2017,United States,NA,2.36635558979664,49.6000372775899,4.083823,12.344278,4.35500001907349,NA,NA,1.9,30.3,0.6,0.7,NA,NA,NA,NA,NA,NA,US,NA
